[
  {
    "name": "theme_info",
    "theme_name": "Henry Gmail Theme",
    "theme_version": "1.0.0",
    "theme_author": "Bimochan Kunwar",
    "theme_documentation_url": "https://github.com/Rbimochan/henry_gmail",
    "theme_support_url": "https://github.com/Rbimochan/henry_gmail/issues"
  },
  {
    "name": "Colors",
    "settings": [
      {
        "type": "header",
        "content": "Brand Colors"
      },
      {
        "type": "color",
        "id": "colors_accent_1",
        "default": "#121212",
        "label": "Primary accent color",
        "info": "Used for buttons, links, and highlights"
      },
      {
        "type": "color",
        "id": "colors_accent_2",
        "default": "#2c2c2c",
        "label": "Secondary accent color",
        "info": "Used for hover states and secondary elements"
      },
      {
        "type": "color",
        "id": "colors_text",
        "default": "#121212",
        "label": "Text color"
      },
      {
        "type": "color",
        "id": "colors_outline_button_labels",
        "default": "#121212",
        "label": "Outline button text"
      },
      {
        "type": "color",
        "id": "colors_solid_button_labels",
        "default": "#FFFFFF",
        "label": "Solid button text"
      },
      {
        "type": "header",
        "content": "Background Colors"
      },
      {
        "type": "color",
        "id": "colors_background_1",
        "default": "#FFFFFF",
        "label": "Primary background"
      },
      {
        "type": "color",
        "id": "colors_background_2",
        "default": "#F3F3F3",
        "label": "Secondary background"
      },
      {
        "type": "header",
        "content": "Gradient Options"
      },
      {
        "type": "color_background",
        "id": "gradient_background_1",
        "label": "Primary background gradient"
      },
      {
        "type": "color_background",
        "id": "gradient_background_2",
        "label": "Secondary background gradient"
      },
      {
        "type": "color_background",
        "id": "gradient_accent_1",
        "label": "Primary accent gradient"
      },
      {
        "type": "color_background",
        "id": "gradient_accent_2",
        "label": "Secondary accent gradient"
      }
    ]
  },
  {
    "name": "Typography",
    "settings": [
      {
        "type": "header",
        "content": "Headings"
      },
      {
        "type": "font_picker",
        "id": "type_header_font",
        "default": "assistant_n4",
        "label": "Heading font",
        "info": "Used for headings and titles"
      },
      {
        "type": "range",
        "id": "heading_scale",
        "min": 100,
        "max": 150,
        "step": 5,
        "unit": "%",
        "label": "Heading scale",
        "default": 100
      },
      {
        "type": "header",
        "content": "Body Text"
      },
      {
        "type": "font_picker",
        "id": "type_body_font",
        "default": "assistant_n4",
        "label": "Body font",
        "info": "Used for body text and general content"
      },
      {
        "type": "range",
        "id": "body_scale",
        "min": 100,
        "max": 130,
        "step": 5,
        "unit": "%",
        "label": "Body text scale",
        "default": 100
      }
    ]
  },
  {
    "name": "Layout",
    "settings": [
      {
        "type": "header",
        "content": "Page Layout"
      },
      {
        "type": "range",
        "id": "page_width",
        "min": 1000,
        "max": 1600,
        "step": 100,
        "default": 1200,
        "unit": "px",
        "label": "Page width"
      },
      {
        "type": "header",
        "content": "Spacing"
      },
      {
        "type": "range",
        "id": "spacing_sections",
        "min": 0,
        "max": 100,
        "step": 4,
        "unit": "px",
        "label": "Section spacing",
        "default": 36
      },
      {
        "type": "range",
        "id": "spacing_grid_horizontal",
        "min": 4,
        "max": 40,
        "step": 4,
        "default": 8,
        "unit": "px",
        "label": "Grid horizontal spacing"
      },
      {
        "type": "range",
        "id": "spacing_grid_vertical",
        "min": 4,
        "max": 40,
        "step": 4,
        "default": 8,
        "unit": "px",
        "label": "Grid vertical spacing"
      }
    ]
  },
  {
    "name": "Product Cards",
    "settings": [
      {
        "type": "header",
        "content": "Product Card Style"
      },
      {
        "type": "select",
        "id": "card_text_alignment",
        "options": [
          {
            "value": "left",
            "label": "Left"
          },
          {
            "value": "center",
            "label": "Center"
          },
          {
            "value": "right",
            "label": "Right"
          }
        ],
        "default": "left",
        "label": "Text alignment"
      },
      {
        "type": "range",
        "id": "card_image_padding",
        "min": 0,
        "max": 20,
        "step": 2,
        "unit": "px",
        "label": "Image padding",
        "default": 0
      },
      {
        "type": "range",
        "id": "card_corner_radius",
        "min": 0,
        "max": 40,
        "step": 2,
        "unit": "px",
        "label": "Corner radius",
        "default": 8
      },
      {
        "type": "header",
        "content": "Product Card Border"
      },
      {
        "type": "range",
        "id": "card_border_thickness",
        "min": 0,
        "max": 24,
        "step": 1,
        "unit": "px",
        "label": "Border thickness",
        "default": 0
      },
      {
        "type": "range",
        "id": "card_border_opacity",
        "min": 0,
        "max": 100,
        "step": 5,
        "unit": "%",
        "label": "Border opacity",
        "default": 10
      },
      {
        "type": "header",
        "content": "Product Card Shadow"
      },
      {
        "type": "range",
        "id": "card_shadow_opacity",
        "min": 0,
        "max": 100,
        "step": 5,
        "unit": "%",
        "label": "Shadow opacity",
        "default": 10
      },
      {
        "type": "range",
        "id": "card_shadow_horizontal_offset",
        "min": -40,
        "max": 40,
        "step": 2,
        "unit": "px",
        "label": "Horizontal offset",
        "default": 0
      },
      {
        "type": "range",
        "id": "card_shadow_vertical_offset",
        "min": -40,
        "max": 40,
        "step": 2,
        "unit": "px",
        "label": "Vertical offset",
        "default": 4
      },
      {
        "type": "range",
        "id": "card_shadow_blur",
        "min": 0,
        "max": 40,
        "step": 2,
        "unit": "px",
        "label": "Blur radius",
        "default": 8
      }
    ]
  },
  {
    "name": "Buttons",
    "settings": [
      {
        "type": "header",
        "content": "Button Style"
      },
      {
        "type": "range",
        "id": "buttons_radius",
        "min": 0,
        "max": 40,
        "step": 2,
        "unit": "px",
        "label": "Corner radius",
        "default": 4
      },
      {
        "type": "range",
        "id": "buttons_border_thickness",
        "min": 0,
        "max": 12,
        "step": 1,
        "unit": "px",
        "label": "Border thickness",
        "default": 1
      },
      {
        "type": "range",
        "id": "buttons_border_opacity",
        "min": 0,
        "max": 100,
        "step": 5,
        "unit": "%",
        "label": "Border opacity",
        "default": 100
      },
      {
        "type": "header",
        "content": "Button Shadow"
      },
      {
        "type": "range",
        "id": "buttons_shadow_opacity",
        "min": 0,
        "max": 100,
        "step": 5,
        "unit": "%",
        "label": "Shadow opacity",
        "default": 0
      },
      {
        "type": "range",
        "id": "buttons_shadow_horizontal_offset",
        "min": -40,
        "max": 40,
        "step": 2,
        "unit": "px",
        "label": "Horizontal offset",
        "default": 0
      },
      {
        "type": "range",
        "id": "buttons_shadow_vertical_offset",
        "min": -40,
        "max": 40,
        "step": 2,
        "unit": "px",
        "label": "Vertical offset",
        "default": 4
      },
      {
        "type": "range",
        "id": "buttons_shadow_blur",
        "min": 0,
        "max": 40,
        "step": 2,
        "unit": "px",
        "label": "Blur radius",
        "default": 8
      }
    ]
  },
  {
    "name": "Product Variants",
    "settings": [
      {
        "type": "header",
        "content": "Size & Color Options"
      },
      {
        "type": "range",
        "id": "variant_pills_radius",
        "min": 0,
        "max": 40,
        "step": 2,
        "unit": "px",
        "label": "Size selector radius",
        "default": 4
      },
      {
        "type": "range",
        "id": "variant_pills_border_thickness",
        "min": 0,
        "max": 12,
        "step": 1,
        "unit": "px",
        "label": "Border thickness",
        "default": 1
      },
      {
        "type": "range",
        "id": "variant_pills_border_opacity",
        "min": 0,
        "max": 100,
        "step": 5,
        "unit": "%",
        "label": "Border opacity",
        "default": 55
      },
      {
        "type": "header",
        "content": "Variant Shadow"
      },
      {
        "type": "range",
        "id": "variant_pills_shadow_opacity",
        "min": 0,
        "max": 100,
        "step": 5,
        "unit": "%",
        "label": "Shadow opacity",
        "default": 0
      },
      {
        "type": "range",
        "id": "variant_pills_shadow_horizontal_offset",
        "min": -40,
        "max": 40,
        "step": 2,
        "unit": "px",
        "label": "Horizontal offset",
        "default": 0
      },
      {
        "type": "range",
        "id": "variant_pills_shadow_vertical_offset",
        "min": -40,
        "max": 40,
        "step": 2,
        "unit": "px",
        "label": "Vertical offset",
        "default": 4
      },
      {
        "type": "range",
        "id": "variant_pills_shadow_blur",
        "min": 0,
        "max": 40,
        "step": 2,
        "unit": "px",
        "label": "Blur radius",
        "default": 8
      }
    ]
  },
  {
    "name": "Media",
    "settings": [
      {
        "type": "header",
        "content": "Media Style"
      },
      {
        "type": "range",
        "id": "media_border_thickness",
        "min": 0,
        "max": 20,
        "step": 1,
        "unit": "px",
        "label": "Border thickness",
        "default": 1
      },
      {
        "type": "range",
        "id": "media_border_opacity",
        "min": 0,
        "max": 100,
        "step": 5,
        "unit": "%",
        "label": "Border opacity",
        "default": 5
      },
      {
        "type": "range",
        "id": "media_radius",
        "min": 0,
        "max": 40,
        "step": 2,
        "unit": "px",
        "label": "Corner radius",
        "default": 0
      },
      {
        "type": "range",
        "id": "media_padding",
        "min": 0,
        "max": 40,
        "step": 2,
        "unit": "px",
        "label": "Media padding",
        "default": 0
      },
      {
        "type": "header",
        "content": "Media Shadow"
      },
      {
        "type": "range",
        "id": "media_shadow_opacity",
        "min": 0,
        "max": 100,
        "step": 5,
        "unit": "%",
        "label": "Shadow opacity",
        "default": 0
      },
      {
        "type": "range",
        "id": "media_shadow_horizontal_offset",
        "min": -40,
        "max": 40,
        "step": 2,
        "unit": "px",
        "label": "Horizontal offset",
        "default": 0
      },
      {
        "type": "range",
        "id": "media_shadow_vertical_offset",
        "min": -40,
        "max": 40,
        "step": 2,
        "unit": "px",
        "label": "Vertical offset",
        "default": 4
      },
      {
        "type": "range",
        "id": "media_shadow_blur",
        "min": 0,
        "max": 40,
        "step": 2,
        "unit": "px",
        "label": "Blur radius",
        "default": 8
      }
    ]
  },
  {
    "name": "Badge",
    "settings": [
      {
        "type": "header",
        "content": "Product Badges"
      },
      {
        "type": "range",
        "id": "badge_corner_radius",
        "min": 0,
        "max": 40,
        "step": 2,
        "unit": "px",
        "label": "Corner radius",
        "default": 4
      },
      {
        "type": "checkbox",
        "id": "badge_show_sale",
        "default": true,
        "label": "Show sale badges"
      },
      {
        "type": "checkbox",
        "id": "badge_show_new",
        "default": true,
        "label": "Show new product badges"
      },
      {
        "type": "checkbox",
        "id": "badge_show_bestseller",
        "default": true,
        "label": "Show bestseller badges"
      }
    ]
  },
  {
    "name": "Cart",
    "settings": [
      {
        "type": "header",
        "content": "Cart Settings"
      },
      {
        "type": "select",
        "id": "cart_type",
        "options": [
          {
            "value": "notification",
            "label": "Notification"
          },
          {
            "value": "drawer",
            "label": "Drawer"
          },
          {
            "value": "page",
            "label": "Page"
          }
        ],
        "default": "notification",
        "label": "Cart type",
        "info": "Drawer is not supported with the cart notification"
      },
      {
        "type": "checkbox",
        "id": "cart_show_free_shipping_threshold",
        "default": false,
        "label": "Show free shipping threshold"
      },
      {
        "type": "text",
        "id": "cart_free_shipping_threshold",
        "default": "75",
        "label": "Free shipping threshold amount",
        "info": "Enter amount without currency symbol"
      }
    ]
  },
  {
    "name": "Search",
    "settings": [
      {
        "type": "header",
        "content": "Search Settings"
      },
      {
        "type": "checkbox",
        "id": "predictive_search_enabled",
        "default": true,
        "label": "Enable predictive search"
      },
      {
        "type": "checkbox",
        "id": "predictive_search_show_vendor",
        "default": false,
        "label": "Show vendor in search results"
      },
      {
        "type": "checkbox",
        "id": "predictive_search_show_price",
        "default": true,
        "label": "Show price in search results"
      }
    ]
  },
  {
    "name": "Social Media",
    "settings": [
      {
        "type": "header",
        "content": "Social Media Links"
      },
      {
        "type": "text",
        "id": "social_facebook_link",
        "label": "Facebook",
        "info": "https://facebook.com/shopname"
      },
      {
        "type": "text",
        "id": "social_instagram_link",
        "label": "Instagram",
        "info": "https://instagram.com/shopname"
      },
      {
        "type": "text",
        "id": "social_twitter_link",
        "label": "Twitter",
        "info": "https://twitter.com/shopname"
      },
      {
        "type": "text",
        "id": "social_pinterest_link",
        "label": "Pinterest",
        "info": "https://pinterest.com/shopname"
      },
      {
        "type": "text",
        "id": "social_youtube_link",
        "label": "YouTube",
        "info": "https://youtube.com/shopname"
      },
      {
        "type": "text",
        "id": "social_tiktok_link",
        "label": "TikTok",
        "info": "https://tiktok.com/@shopname"
      }
    ]
  },
  {
    "name": "Favicon",
    "settings": [
      {
        "type": "image_picker",
        "id": "favicon",
        "label": "Favicon",
        "info": "32 x 32px .png recommended"
      }
    ]
  }
]
